order_id,customer_id,order_date,status,created_at,updated_at
IINI91PP812,697,2022-01-30,Success,2022-01-30,2022-01-31
ONNA03MN757,172,2021-01-03,Success,2021-01-03,2021-01-04
NPCC44AC852,824,2022-09-08,Success,2022-09-08,2022-09-09
MMIM69AM147,947,2021-06-26,Success,2021-06-26,2021-06-27
MCIA31MO690,336,2021-07-09,Success,2021-07-09,2021-07-10
IANC47AM423,965,2022-10-04,Canceled,2022-10-04,2022-10-04
NMCI31AN413,680,2021-03-09,Success,2021-03-09,2021-03-10
NPIP33OI307,994,2022-02-14,Success,2022-02-14,2022-02-15
AOCO44AC037,128,2022-08-03,Success,2022-08-03,2022-08-04
AAPP73OP114,624,2021-11-01,Success,2021-11-01,2021-11-02
APMI05CP558,537,2022-02-01,Success,2022-02-01,2022-02-02
OOMN48CC152,926,2022-05-16,Success,2022-05-16,2022-05-17
POOA33NM414,433,2021-08-01,Success,2021-08-01,2021-08-02
CMCI13CI706,311,2022-10-05,Success,2022-10-05,2022-10-06
IMMM96AC528,774,2021-04-08,Success,2021-04-08,2021-04-09
AIAP53NA160,741,2022-09-30,Success,2022-09-30,2022-10-01
PMMC74AI218,658,2022-09-10,Success,2022-09-10,2022-09-11
AAMI65AP544,963,2022-02-04,Success,2022-02-04,2022-02-05
POCO45OC178,331,2021-09-28,Success,2021-09-28,2021-09-29
PNPP59CM226,662,2021-03-10,Success,2021-03-10,2021-03-11
MPAI82AO102,389,2021-10-01,Success,2021-10-01,2021-10-02
AIMN31PN526,769,2022-04-13,Success,2022-04-13,2022-04-14
IANC05AP215,294,2022-08-29,Success,2022-08-29,2022-08-30
NOCO89CC732,749,2022-12-13,Success,2022-12-13,2022-12-14
NMIN32OO063,314,2021-11-19,Canceled,2021-11-19,2021-11-19
PNCA57MM691,377,2022-08-27,Success,2022-08-27,2022-08-28
OCIA09CI804,641,2021-09-02,Success,2021-09-02,2021-09-03
NPOA02PO977,570,2022-07-31,Success,2022-07-31,2022-08-01
IONN86ON753,234,2021-08-24,Success,2021-08-24,2021-08-25
CCOA32NI392,784,2021-07-02,Success,2021-07-02,2021-07-03
ACMA24CI703,512,2022-07-28,Success,2022-07-28,2022-07-29
OAAO43PI306,710,2021-05-06,Success,2021-05-06,2021-05-07
OMAA44IN067,824,2022-04-16,Success,2022-04-16,2022-04-17
MMMA64CA016,641,2022-06-15,Success,2022-06-15,2022-06-16
MCAM79PC949,949,2021-07-26,Success,2021-07-26,2021-07-27
OIAN87PA120,791,2021-02-12,Success,2021-02-12,2021-02-13
NAPI27AC059,158,2021-06-29,Success,2021-06-29,2021-06-30
NIMC69AC690,425,2021-12-09,Success,2021-12-09,2021-12-10
MPON10IM799,972,2021-11-24,Success,2021-11-24,2021-11-25
AOCO38NC466,915,2021-04-19,Success,2021-04-19,2021-04-20
PPMI38OP255,173,2021-06-23,Success,2021-06-23,2021-06-24
AIOP55NC262,57,2022-04-29,Success,2022-04-29,2022-04-30
OACO22AM378,921,2021-06-03,Success,2021-06-03,2021-06-04
OPAP39PA948,512,2022-11-10,Success,2022-11-10,2022-11-11
CNAI72NA384,353,2021-10-18,Success,2021-10-18,2021-10-19
OAPI88PI356,873,2022-10-04,Success,2022-10-04,2022-10-05
NNNC99AM638,195,2022-08-02,Success,2022-08-02,2022-08-03
ANIM79IC941,587,2021-09-15,Success,2021-09-15,2021-09-16
AIPM98PA153,130,2021-05-11,Success,2021-05-11,2021-05-12
APIA13OA053,148,2021-05-09,Success,2021-05-09,2021-05-10
IAIC09AP270,627,2021-01-19,Success,2021-01-19,2021-01-20
ANAP15PM799,830,2022-07-05,Success,2022-07-05,2022-07-06
PAOC53PN688,195,2022-06-16,Success,2022-06-16,2022-06-17
OIOI32MP908,279,2021-01-23,Success,2021-01-23,2021-01-24
MIMA34AN682,249,2021-12-17,Canceled,2021-12-17,2021-12-17
PAOC88IO676,373,2021-12-07,Success,2021-12-07,2021-12-08
NINI19AC099,240,2021-06-07,Canceled,2021-06-07,2021-06-07
PPOA99NO002,194,2021-11-15,Success,2021-11-15,2021-11-16
AACN83AO563,584,2021-06-21,Success,2021-06-21,2021-06-22
NMAP19AN791,351,2021-08-31,Success,2021-08-31,2021-09-01
NOMI03AP007,601,2022-12-26,Success,2022-12-26,2022-12-27
COMC90AA647,57,2022-03-23,Success,2022-03-23,2022-03-24
NCOA25AO528,147,2021-06-21,Success,2021-06-21,2021-06-22
IMIO06MN816,472,2021-08-10,Success,2021-08-10,2021-08-11
IOMI98NA353,741,2021-08-18,Success,2021-08-18,2021-08-19
PAMO24IA520,251,2021-06-29,Success,2021-06-29,2021-06-30
MMIN67AO501,843,2021-01-13,Success,2021-01-13,2021-01-14
ONCN30IM800,959,2022-02-07,Success,2022-02-07,2022-02-08
NOOA19IN647,274,2021-10-11,Success,2021-10-11,2021-10-12
PAAA12CC507,467,2021-07-04,Success,2021-07-04,2021-07-05
OAPI73NO454,379,2021-04-20,Success,2021-04-20,2021-04-21
OIAO51NA078,100,2022-09-11,Success,2022-09-11,2022-09-12
CNOA25II651,152,2022-04-10,Success,2022-04-10,2022-04-11
AANA06OI203,58,2021-04-27,Success,2021-04-27,2021-04-28
CNIP71NA469,869,2021-09-22,Success,2021-09-22,2021-09-23
POAO76MA213,655,2021-05-11,Success,2021-05-11,2021-05-12
PMAO12MA259,577,2021-06-16,Canceled,2021-06-16,2021-06-16
MAIA38NN545,874,2022-12-10,Success,2022-12-10,2022-12-11
AMMA68CO150,341,2022-04-27,Success,2022-04-27,2022-04-28
PMAM47PA712,487,2022-02-26,Success,2022-02-26,2022-02-27
MNOA28OI825,252,2022-10-05,Success,2022-10-05,2022-10-06
PIPI22OP627,231,2021-10-09,Success,2021-10-09,2021-10-10
OACC57AP958,713,2022-11-01,Success,2022-11-01,2022-11-02
AMIN13IC279,541,2021-11-17,Success,2021-11-17,2021-11-18
NAIO49IO830,334,2021-08-25,Success,2021-08-25,2021-08-26
ANMC84PN129,249,2021-01-01,Success,2021-01-01,2021-01-02
MOIO90AA471,55,2021-05-13,Success,2021-05-13,2021-05-14
OOOO68CA089,538,2022-01-14,Success,2022-01-14,2022-01-15
CMAI45ON647,211,2022-02-16,Success,2022-02-16,2022-02-17
OCCM14AI521,519,2022-05-28,Success,2022-05-28,2022-05-29
OMMI99MN032,814,2022-05-16,Canceled,2022-05-16,2022-05-16
MCCA82OO191,34,2021-12-20,Canceled,2021-12-20,2021-12-20
ICAC00OA459,619,2021-06-29,Canceled,2021-06-29,2021-06-29
AANA12IC317,671,2021-10-13,Success,2021-10-13,2021-10-14
MNCN58OA459,625,2021-10-20,Canceled,2021-10-20,2021-10-20
NANI29IP197,452,2021-12-12,Success,2021-12-12,2021-12-13
NCNC73CP427,625,2021-04-18,Success,2021-04-18,2021-04-19
AOIA36CO047,23,2022-09-12,Success,2022-09-12,2022-09-13
OAPC62IO954,863,2022-01-01,Success,2022-01-01,2022-01-02
ACIA68OP693,154,2021-06-26,Canceled,2021-06-26,2021-06-26
PICC22OM254,86,2021-05-09,Success,2021-05-09,2021-05-10
ICCM58NO572,780,2021-08-08,Success,2021-08-08,2021-08-09
OCAA15NA963,763,2021-07-08,Success,2021-07-08,2021-07-09
AMCA81OP636,941,2022-12-07,Success,2022-12-07,2022-12-08
CAMM02CA565,615,2022-01-23,Success,2022-01-23,2022-01-24
COIC71PA250,342,2022-10-19,Success,2022-10-19,2022-10-20
OAAP03NA440,399,2022-10-26,Success,2022-10-26,2022-10-27
MMPP04CA374,541,2021-08-23,Success,2021-08-23,2021-08-24
MAAA08IA945,519,2021-01-21,Success,2021-01-21,2021-01-22
ANIA33CO885,704,2022-08-09,Success,2022-08-09,2022-08-10
AOOA25MN383,977,2021-12-19,Success,2021-12-19,2021-12-20
CAII50MN024,755,2021-07-29,Success,2021-07-29,2021-07-30
OPAM94PA077,704,2022-01-25,Success,2022-01-25,2022-01-26
AOPI32OA172,521,2022-08-20,Success,2022-08-20,2022-08-21
MPAM55AN316,804,2021-07-26,Canceled,2021-07-26,2021-07-26
ACAO29IO121,275,2022-02-06,Success,2022-02-06,2022-02-07
CAPA60OM398,569,2022-07-16,Success,2022-07-16,2022-07-17
AACO70PI342,917,2022-09-23,Success,2022-09-23,2022-09-24
AOPA85CI446,556,2022-03-19,Success,2022-03-19,2022-03-20
PNNA38NA242,517,2022-01-11,Success,2022-01-11,2022-01-12
MAAC52OP341,523,2021-02-24,Success,2021-02-24,2021-02-25
CCPA94IP108,175,2022-03-12,Success,2022-03-12,2022-03-13
AMAI13OA534,20,2021-07-26,Success,2021-07-26,2021-07-27
IIMN16AN220,215,2021-10-11,Success,2021-10-11,2021-10-12
PCMI31CA899,390,2022-10-12,Success,2022-10-12,2022-10-13
CIAO00PA980,161,2022-01-07,Success,2022-01-07,2022-01-08
INOI47MA747,662,2022-12-05,Success,2022-12-05,2022-12-06
IANP54CC008,411,2022-08-18,Success,2022-08-18,2022-08-19
MNOC99MI447,794,2022-08-05,Success,2022-08-05,2022-08-06
OOAA73MO102,363,2022-10-28,Success,2022-10-28,2022-10-29
CPIP45PN493,969,2022-01-25,Success,2022-01-25,2022-01-26
ANNP53ON660,645,2022-11-27,Success,2022-11-27,2022-11-28
OPAO33CI957,121,2022-12-08,Canceled,2022-12-08,2022-12-08
MMNO68NC435,858,2022-06-20,Success,2022-06-20,2022-06-21
MPAC80NN449,454,2021-11-02,Success,2021-11-02,2021-11-03
CAMC82AC167,221,2021-03-08,Success,2021-03-08,2021-03-09
NNCC95NO341,322,2021-02-11,Success,2021-02-11,2021-02-12
IMNA92CI523,958,2021-03-02,Success,2021-03-02,2021-03-03
AIAP00PO667,510,2021-04-28,Success,2021-04-28,2021-04-29
ACAA52AA708,257,2021-06-18,Success,2021-06-18,2021-06-19
INPA61IP460,750,2021-02-05,Success,2021-02-05,2021-02-06
AMAI28CO393,271,2022-09-20,Success,2022-09-20,2022-09-21
AOCA18AO742,609,2021-08-23,Success,2021-08-23,2021-08-24
APOP64AM478,802,2021-12-30,Success,2021-12-30,2021-12-31
NOAN53IO324,333,2022-05-12,Success,2022-05-12,2022-05-13
NPOA52OA663,273,2021-07-22,Success,2021-07-22,2021-07-23
APCN68CN588,768,2021-08-26,Success,2021-08-26,2021-08-27
MNII91PN842,595,2021-07-11,Success,2021-07-11,2021-07-12
NOMP37CO140,112,2022-12-09,Success,2022-12-09,2022-12-10
IOIO16CI960,704,2021-07-24,Success,2021-07-24,2021-07-25
OIPA29CI676,566,2021-11-25,Success,2021-11-25,2021-11-26
ACIA47MP097,127,2022-11-10,Success,2022-11-10,2022-11-11
PAAN19IA818,284,2021-09-18,Success,2021-09-18,2021-09-19
PIMM37NI430,375,2022-10-11,Success,2022-10-11,2022-10-12
PACC06AA147,20,2021-08-07,Success,2021-08-07,2021-08-08
ICMI63CI757,400,2021-03-19,Success,2021-03-19,2021-03-20
MIIM37AM744,464,2022-01-01,Success,2022-01-01,2022-01-02
CACP44NP473,429,2021-01-19,Success,2021-01-19,2021-01-20
CNNI82CN741,469,2022-09-14,Success,2022-09-14,2022-09-15
IOPO20CA241,60,2021-03-21,Success,2021-03-21,2021-03-22
ANNA22CI667,395,2021-04-30,Success,2021-04-30,2021-05-01
PNPI22NC669,560,2021-12-24,Success,2021-12-24,2021-12-25
ANOA49AI603,144,2021-07-27,Success,2021-07-27,2021-07-28
CAMN30MA261,673,2021-02-13,Success,2021-02-13,2021-02-14
AAMA29CO416,724,2021-08-16,Success,2021-08-16,2021-08-17
AMAA16AA563,761,2021-05-05,Success,2021-05-05,2021-05-06
IANA94AA348,437,2022-03-30,Success,2022-03-30,2022-03-31
OCAO76OO959,678,2021-10-10,Success,2021-10-10,2021-10-11
MNAI21IO686,763,2021-08-01,Success,2021-08-01,2021-08-02
IOIN03CA202,515,2022-09-10,Success,2022-09-10,2022-09-11
IMCN59AA546,203,2022-10-08,Success,2022-10-08,2022-10-09
AIPM47CP440,636,2021-06-28,Canceled,2021-06-28,2021-06-28
CMPO17NA869,867,2021-02-28,Success,2021-02-28,2021-03-01
IMCP67AP287,710,2021-04-30,Success,2021-04-30,2021-05-01
NIOC61PP092,69,2021-07-25,Success,2021-07-25,2021-07-26
ONOO13PI716,457,2021-11-18,Success,2021-11-18,2021-11-19
AAIP41OA667,837,2022-06-24,Success,2022-06-24,2022-06-25
CAPA21NP882,537,2021-12-13,Success,2021-12-13,2021-12-14
NICN02IP886,501,2021-03-15,Success,2021-03-15,2021-03-16
PCAP03OA082,258,2021-12-14,Success,2021-12-14,2021-12-15
IAIN81ON837,691,2022-10-31,Canceled,2022-10-31,2022-10-31
AMAO47MN537,427,2021-01-02,Success,2021-01-02,2021-01-03
MNPI98IM019,154,2022-12-20,Success,2022-12-20,2022-12-21
APPM29ON379,335,2021-12-14,Success,2021-12-14,2021-12-15
AONP53NM019,61,2022-05-28,Success,2022-05-28,2022-05-29
OCNN95AM377,958,2021-07-23,Success,2021-07-23,2021-07-24
AOCC95PO355,144,2022-10-26,Success,2022-10-26,2022-10-27
AAOP95AM516,821,2021-12-15,Success,2021-12-15,2021-12-16
IPCM27NI557,263,2022-03-01,Success,2022-03-01,2022-03-02
IINA69CA714,626,2021-04-20,Canceled,2021-04-20,2021-04-20
AMCC51AA677,554,2021-06-29,Success,2021-06-29,2021-06-30
OCAI74CM231,700,2022-03-31,Success,2022-03-31,2022-04-01
PPNM27NP543,500,2021-06-23,Success,2021-06-23,2021-06-24
AOIA76OM589,255,2022-09-16,Success,2022-09-16,2022-09-17
PNPA31MP377,74,2022-10-20,Success,2022-10-20,2022-10-21
MICA50MP037,974,2021-03-11,Success,2021-03-11,2021-03-12
NAAN04AI520,129,2021-12-06,Success,2021-12-06,2021-12-07
CCNN74NA591,991,2021-12-10,Success,2021-12-10,2021-12-11
POCA79IP191,275,2021-11-05,Success,2021-11-05,2021-11-06
MINA58NN914,114,2022-07-06,Success,2022-07-06,2022-07-07
ACIC68AO866,601,2022-05-03,Success,2022-05-03,2022-05-04
NMIA04CA762,59,2022-09-23,Success,2022-09-23,2022-09-24
NNCP32NI783,553,2021-10-09,Success,2021-10-09,2021-10-10
NIIO74CM222,512,2022-10-30,Success,2022-10-30,2022-10-31
CMOA61II113,162,2021-05-05,Success,2021-05-05,2021-05-06
OAAN33CI669,82,2022-10-06,Success,2022-10-06,2022-10-07
NNCO51AN178,885,2021-02-05,Canceled,2021-02-05,2021-02-05
PNOM47CN306,191,2022-11-29,Success,2022-11-29,2022-11-30
PAAO54AO440,279,2021-12-06,Success,2021-12-06,2021-12-07
PIAP44CA204,160,2022-01-13,Success,2022-01-13,2022-01-14
AAIO34PI934,456,2022-01-17,Success,2022-01-17,2022-01-18
CMIP88NA589,565,2022-10-10,Success,2022-10-10,2022-10-11
IPOI55CA161,464,2021-01-15,Success,2021-01-15,2021-01-16
NANC31PA286,418,2022-06-15,Success,2022-06-15,2022-06-16
NAMP23CI212,231,2021-08-25,Success,2021-08-25,2021-08-26
OMCM79AC353,905,2021-12-02,Success,2021-12-02,2021-12-03
OMCP32AM407,836,2021-06-22,Success,2021-06-22,2021-06-23
AOOP20CA601,237,2021-08-13,Success,2021-08-13,2021-08-14
MNCM89IC807,116,2021-01-01,Success,2021-01-01,2021-01-02
AAOI49CI264,200,2021-11-16,Success,2021-11-16,2021-11-17
OMMP82MP563,424,2021-05-11,Success,2021-05-11,2021-05-12
INIA14CI242,150,2022-06-19,Success,2022-06-19,2022-06-20
NIAA24AI565,963,2022-11-11,Success,2022-11-11,2022-11-12
OANI48OP574,155,2021-03-15,Success,2021-03-15,2021-03-16
PINI84CC225,387,2021-06-10,Success,2021-06-10,2021-06-11
CMNO69CI547,424,2022-05-08,Success,2022-05-08,2022-05-09
AANP00PA225,257,2021-09-14,Success,2021-09-14,2021-09-15
AOAO10PM553,508,2022-03-19,Success,2022-03-19,2022-03-20
COPA59AC328,465,2021-02-25,Success,2021-02-25,2021-02-26
PPCA56MP749,114,2021-02-13,Success,2021-02-13,2021-02-14
OMAA69CA525,43,2022-03-28,Success,2022-03-28,2022-03-29
OIPA33CO707,914,2021-12-01,Success,2021-12-01,2021-12-02
ACNC73OP088,454,2022-07-26,Canceled,2022-07-26,2022-07-26
NNPA33NA073,884,2022-12-10,Success,2022-12-10,2022-12-11
IONM47AA760,788,2022-08-03,Success,2022-08-03,2022-08-04
AIIN33NA060,864,2022-09-18,Success,2022-09-18,2022-09-19
CMAI85NO786,213,2021-09-24,Canceled,2021-09-24,2021-09-24
PMIC36OC462,348,2022-07-19,Success,2022-07-19,2022-07-20
ONAC00PM416,989,2022-12-31,Success,2022-12-31,2023-01-01
IOOA09PM311,208,2022-01-11,Success,2022-01-11,2022-01-12
OOCP27CM230,474,2022-06-03,Success,2022-06-03,2022-06-04
MAIA97ON803,789,2021-11-13,Success,2021-11-13,2021-11-14
AINN46MP083,122,2022-01-07,Success,2022-01-07,2022-01-08
NAAA96PA305,964,2021-01-02,Success,2021-01-02,2021-01-03
AAMA73AP965,362,2022-11-05,Success,2022-11-05,2022-11-06
AAAO61OP563,39,2022-03-11,Success,2022-03-11,2022-03-12
PCOC60NA273,727,2021-11-07,Success,2021-11-07,2021-11-08
NIAA20AP944,999,2021-09-26,Success,2021-09-26,2021-09-27
OINC15AC693,320,2022-12-20,Success,2022-12-20,2022-12-21
COCN21NP868,941,2021-01-10,Success,2021-01-10,2021-01-11
CPOA07AA907,452,2022-08-16,Success,2022-08-16,2022-08-17
MAMN79CP738,998,2022-01-17,Success,2022-01-17,2022-01-18
CAAC99AM151,880,2021-11-27,Success,2021-11-27,2021-11-28
CMCA26IP030,452,2022-08-31,Success,2022-08-31,2022-09-01
AMMN05AP739,786,2021-06-29,Success,2021-06-29,2021-06-30
IMAM35NP392,130,2021-05-22,Success,2021-05-22,2021-05-23
NACA19IM351,840,2021-11-21,Success,2021-11-21,2021-11-22
MAAI61NI596,648,2022-01-12,Success,2022-01-12,2022-01-13
IMNI07OA932,550,2021-02-06,Success,2021-02-06,2021-02-07
IIAA47AM818,479,2021-12-26,Success,2021-12-26,2021-12-27
ICOC39CA105,780,2022-02-20,Success,2022-02-20,2022-02-21
MINM16AM416,799,2021-05-25,Success,2021-05-25,2021-05-26
MOCM30NP399,769,2021-01-07,Success,2021-01-07,2021-01-08
MCAM07NI365,503,2022-03-25,Success,2022-03-25,2022-03-26
PICA89NP201,638,2022-07-28,Success,2022-07-28,2022-07-29
IIPP04OI559,323,2021-02-12,Success,2021-02-12,2021-02-13
IPPM29MA429,59,2021-11-11,Canceled,2021-11-11,2021-11-11
POAP94AA158,982,2021-10-17,Success,2021-10-17,2021-10-18
AMII92MO051,583,2022-01-28,Success,2022-01-28,2022-01-29
CACO65PO613,635,2022-12-14,Success,2022-12-14,2022-12-15
IANC06MA528,953,2021-05-15,Success,2021-05-15,2021-05-16
IAPI13PM894,190,2021-04-04,Success,2021-04-04,2021-04-05
PAMC92PA424,625,2021-06-09,Success,2021-06-09,2021-06-10
NMAA50PN291,789,2022-08-26,Success,2022-08-26,2022-08-27
CCAO54OO225,27,2022-01-02,Success,2022-01-02,2022-01-03
MOCM76NI909,588,2021-02-19,Success,2021-02-19,2021-02-20
AIIN78NN907,383,2022-03-09,Success,2022-03-09,2022-03-10
NPPN83NC891,920,2021-04-04,Success,2021-04-04,2021-04-05
MPAC06IA292,476,2022-11-28,Canceled,2022-11-28,2022-11-28
MNOC95IA500,83,2021-10-18,Success,2021-10-18,2021-10-19
NOII68OO204,26,2022-05-29,Success,2022-05-29,2022-05-30
MICC97NI116,349,2021-03-10,Canceled,2021-03-10,2021-03-10
AACP77AC250,371,2022-02-23,Success,2022-02-23,2022-02-24
MAOI86CA351,724,2021-03-08,Success,2021-03-08,2021-03-09
CANP49AM465,780,2022-01-18,Canceled,2022-01-18,2022-01-18
CIIN71MA273,184,2022-07-13,Success,2022-07-13,2022-07-14
MCOM31AO664,21,2022-10-22,Success,2022-10-22,2022-10-23
PAMN72MA968,883,2021-07-21,Success,2021-07-21,2021-07-22
INCA19PM526,105,2021-10-13,Success,2021-10-13,2021-10-14
IONA75PN485,329,2021-07-28,Success,2021-07-28,2021-07-29
CPPM61IM391,723,2022-05-22,Success,2022-05-22,2022-05-23
MCNI44MM309,316,2022-02-22,Success,2022-02-22,2022-02-23
OPCO30CM973,165,2021-08-13,Success,2021-08-13,2021-08-14
IIOA20OI253,349,2021-12-16,Success,2021-12-16,2021-12-17
PONA26AP083,664,2022-07-12,Success,2022-07-12,2022-07-13
PINI36II653,574,2022-07-16,Success,2022-07-16,2022-07-17
AAPP19AN194,494,2021-03-02,Success,2021-03-02,2021-03-03
PAAA29IC843,867,2022-04-20,Success,2022-04-20,2022-04-21
IAOO30PP903,402,2022-09-22,Success,2022-09-22,2022-09-23
NIMA82OA664,660,2022-01-06,Success,2022-01-06,2022-01-07
IMCO42IP168,371,2022-02-15,Success,2022-02-15,2022-02-16
NNPC58IO750,793,2021-03-03,Success,2021-03-03,2021-03-04
CCAC79AA580,988,2021-06-25,Success,2021-06-25,2021-06-26
OAIA90PO644,357,2022-09-02,Success,2022-09-02,2022-09-03
MIAC36AA596,460,2022-07-14,Success,2022-07-14,2022-07-15
AIIM14NO584,948,2022-10-31,Success,2022-10-31,2022-11-01
OIPI97AP918,902,2022-08-16,Success,2022-08-16,2022-08-17
OAMA60NA397,2,2022-12-23,Canceled,2022-12-23,2022-12-23
NAAP10MA445,54,2021-06-05,Success,2021-06-05,2021-06-06
CAOM46AA078,823,2021-06-28,Canceled,2021-06-28,2021-06-28
COIC13NI287,402,2021-07-29,Success,2021-07-29,2021-07-30
AMNA51CA703,434,2022-02-06,Success,2022-02-06,2022-02-07
MMAC02CC299,760,2022-02-03,Success,2022-02-03,2022-02-04
AOAP09AM727,119,2022-11-16,Success,2022-11-16,2022-11-17
AOOO98MM856,482,2021-09-12,Success,2021-09-12,2021-09-13
IION38CA762,217,2022-01-14,Success,2022-01-14,2022-01-15
NOCO41II376,728,2021-12-11,Success,2021-12-11,2021-12-12
ICMA25AN058,947,2021-04-03,Success,2021-04-03,2021-04-04
AAMO30NA843,437,2022-04-19,Success,2022-04-19,2022-04-20
AACA97NA367,779,2021-04-06,Success,2021-04-06,2021-04-07
AAAM07NN991,454,2022-07-31,Success,2022-07-31,2022-08-01
AIAI27IA833,380,2022-01-17,Canceled,2022-01-17,2022-01-17
CCCC95MA396,536,2022-12-10,Success,2022-12-10,2022-12-11
CANA63MP740,374,2021-09-08,Success,2021-09-08,2021-09-09
AAMP13CO060,472,2021-08-05,Success,2021-08-05,2021-08-06
PAAP17IA250,420,2021-09-24,Success,2021-09-24,2021-09-25
NAPP36PM708,151,2021-07-02,Success,2021-07-02,2021-07-03
PONO84AP707,435,2022-01-11,Success,2022-01-11,2022-01-12
IANA12AA070,149,2021-04-10,Success,2021-04-10,2021-04-11
CIOA69PO987,117,2021-12-13,Success,2021-12-13,2021-12-14
NACO19AO374,410,2022-06-15,Success,2022-06-15,2022-06-16
NPOI68MO294,325,2021-01-25,Success,2021-01-25,2021-01-26
IOPA60AI619,336,2021-06-04,Success,2021-06-04,2021-06-05
MAAA62AC900,645,2022-03-13,Success,2022-03-13,2022-03-14
OAAI22PP602,210,2021-11-09,Success,2021-11-09,2021-11-10
OOMO29PN149,171,2021-11-15,Success,2021-11-15,2021-11-16
MMIA09AM186,148,2021-10-27,Success,2021-10-27,2021-10-28
OANA35AI314,848,2021-04-24,Canceled,2021-04-24,2021-04-24
AMAN62CC720,178,2021-10-12,Success,2021-10-12,2021-10-13
ACNC64AA943,311,2022-08-22,Success,2022-08-22,2022-08-23
OMCN88PI333,103,2021-04-16,Success,2021-04-16,2021-04-17
AIIA36AA266,557,2022-02-19,Success,2022-02-19,2022-02-20
ACAN02NA849,127,2021-05-13,Success,2021-05-13,2021-05-14
APMC20NA667,650,2022-04-06,Success,2022-04-06,2022-04-07
AOAA96OA558,239,2022-08-18,Canceled,2022-08-18,2022-08-18
OPCN80MP605,640,2021-01-31,Success,2021-01-31,2021-02-01
NIAO78MI198,937,2021-06-26,Canceled,2021-06-26,2021-06-26
PNAA19CN110,545,2022-10-17,Canceled,2022-10-17,2022-10-17
ANIC35NI361,860,2021-12-10,Success,2021-12-10,2021-12-11
IPAA38PM015,856,2022-01-05,Success,2022-01-05,2022-01-06
IANP60AO848,610,2022-09-28,Canceled,2022-09-28,2022-09-28
OCCA34PN087,682,2022-06-11,Success,2022-06-11,2022-06-12
MPIO76NA387,204,2022-12-30,Success,2022-12-30,2022-12-31
CANN94AN834,166,2021-03-17,Success,2021-03-17,2021-03-18
APMM60IO836,687,2022-05-22,Success,2022-05-22,2022-05-23
NOOA72PP371,279,2022-06-11,Success,2022-06-11,2022-06-12
MMAO73MO813,429,2022-11-23,Success,2022-11-23,2022-11-24
APCM59ON293,864,2021-11-07,Success,2021-11-07,2021-11-08
NINO57NM251,157,2022-06-09,Success,2022-06-09,2022-06-10
PAMA72PM376,931,2022-09-10,Success,2022-09-10,2022-09-11
PMNA04AN030,217,2021-04-07,Success,2021-04-07,2021-04-08
PAAN97AM975,394,2021-10-06,Success,2021-10-06,2021-10-07
CPCA85NC726,478,2021-08-02,Success,2021-08-02,2021-08-03
OCMP69AP412,592,2021-09-25,Success,2021-09-25,2021-09-26
INPP69OP690,773,2022-12-03,Success,2022-12-03,2022-12-04
AAPC45PA513,856,2022-03-24,Success,2022-03-24,2022-03-25
OANI13AN627,378,2021-09-08,Canceled,2021-09-08,2021-09-08
NMNM47MO025,403,2021-09-18,Success,2021-09-18,2021-09-19
AMMN80IA693,107,2021-09-11,Success,2021-09-11,2021-09-12
PNNA27NP004,287,2022-12-05,Success,2022-12-05,2022-12-06
CAIA31MA818,784,2021-02-17,Success,2021-02-17,2021-02-18
PIMC13AA065,282,2021-02-23,Success,2021-02-23,2021-02-24
IOIP77MP703,590,2022-09-28,Success,2022-09-28,2022-09-29
AIOO52MA455,151,2022-07-03,Success,2022-07-03,2022-07-04
MPAA39PI241,655,2022-09-21,Success,2022-09-21,2022-09-22
AINA98IA399,22,2022-05-24,Success,2022-05-24,2022-05-25
AMON95AP107,253,2021-08-24,Success,2021-08-24,2021-08-25
CIAO04CN367,891,2021-03-24,Success,2021-03-24,2021-03-25
PACM65ON511,623,2022-12-25,Success,2022-12-25,2022-12-26
AANP52IC668,294,2021-05-02,Success,2021-05-02,2021-05-03
AAOP15CA367,965,2022-03-05,Canceled,2022-03-05,2022-03-05
PAPA71PC666,153,2021-06-12,Success,2021-06-12,2021-06-13
AACA66AI853,108,2022-02-18,Success,2022-02-18,2022-02-19
PCMO54CM783,647,2022-01-19,Success,2022-01-19,2022-01-20
AANP95PO388,187,2022-06-04,Success,2022-06-04,2022-06-05
IAAN98AA671,136,2021-10-12,Success,2021-10-12,2021-10-13
PPPA12OP401,672,2022-12-22,Success,2022-12-22,2022-12-23
MACI85IN528,44,2021-11-30,Success,2021-11-30,2021-12-01
NPMI23AC049,10,2021-07-03,Success,2021-07-03,2021-07-04
MMPA33IC917,260,2022-08-20,Success,2022-08-20,2022-08-21
IMOM66AN703,102,2021-12-25,Canceled,2021-12-25,2021-12-25
PMOP68NM130,896,2022-05-11,Success,2022-05-11,2022-05-12
AAOC03AO741,202,2022-07-03,Success,2022-07-03,2022-07-04
CPCI10MC952,264,2021-05-29,Success,2021-05-29,2021-05-30
PPPA67PM824,309,2022-04-20,Success,2022-04-20,2022-04-21
CPNC17II765,933,2022-08-02,Success,2022-08-02,2022-08-03
PAMA18MN123,445,2022-04-30,Success,2022-04-30,2022-05-01
MPAN98AO752,36,2021-08-31,Success,2021-08-31,2021-09-01
INAO90CP531,964,2021-08-26,Success,2021-08-26,2021-08-27
APIO20OI992,651,2021-03-05,Success,2021-03-05,2021-03-06
NOAN45MN886,609,2022-09-30,Success,2022-09-30,2022-10-01
ACOA03AI195,554,2022-12-04,Success,2022-12-04,2022-12-05
NIPN63PO613,680,2022-07-01,Success,2022-07-01,2022-07-02
CCCI56OP232,543,2022-08-12,Success,2022-08-12,2022-08-13
NMAM26OA191,995,2022-11-23,Success,2022-11-23,2022-11-24
CIPO34IP632,257,2022-02-24,Success,2022-02-24,2022-02-25
NMNA74PA758,599,2021-12-05,Success,2021-12-05,2021-12-06
PCOA03CA916,96,2022-12-21,Success,2022-12-21,2022-12-22
CCCM89OC649,528,2022-08-08,Success,2022-08-08,2022-08-09
MCPA97CM274,796,2021-03-28,Success,2021-03-28,2021-03-29
PNAO83OP167,321,2022-07-14,Success,2022-07-14,2022-07-15
AAMC41MA324,808,2021-07-26,Success,2021-07-26,2021-07-27
CPPI93AN663,522,2022-11-21,Success,2022-11-21,2022-11-22
AMPI13IC529,973,2021-04-22,Success,2021-04-22,2021-04-23
ICIM16AM844,656,2022-02-18,Success,2022-02-18,2022-02-19
CNAA75MO718,876,2021-11-18,Success,2021-11-18,2021-11-19
MAAI15MA636,885,2021-09-26,Success,2021-09-26,2021-09-27
NNCI63MI748,177,2022-03-27,Success,2022-03-27,2022-03-28
POAA42AP121,870,2021-12-31,Success,2021-12-31,2022-01-01
APOM28AM128,289,2021-05-22,Success,2021-05-22,2021-05-23
MMIP92AI994,778,2021-11-21,Success,2021-11-21,2021-11-22
OMCM65ON047,776,2022-09-21,Success,2022-09-21,2022-09-22
IPAO88II165,109,2022-06-02,Success,2022-06-02,2022-06-03
IAAA00PN450,3,2022-06-12,Success,2022-06-12,2022-06-13
PNII51MO034,18,2022-02-16,Success,2022-02-16,2022-02-17
OAMA80AC896,848,2021-04-23,Success,2021-04-23,2021-04-24
PIPA86IO818,552,2022-03-05,Success,2022-03-05,2022-03-06
AANA30NI109,454,2022-08-05,Success,2022-08-05,2022-08-06
ICPP75PI748,994,2021-05-27,Success,2021-05-27,2021-05-28
INAI93NI790,310,2021-07-12,Success,2021-07-12,2021-07-13
AAOC10OC209,371,2021-01-08,Success,2021-01-08,2021-01-09
POIC49AO203,309,2021-04-04,Success,2021-04-04,2021-04-05
IAOA10OA060,733,2021-04-06,Success,2021-04-06,2021-04-07
ACMP75NA528,67,2022-09-24,Success,2022-09-24,2022-09-25
MACA64OC385,123,2022-10-19,Canceled,2022-10-19,2022-10-19
CPIC89PA079,222,2022-05-01,Success,2022-05-01,2022-05-02
OONA59MA424,817,2022-04-14,Success,2022-04-14,2022-04-15
MIAI82II104,495,2022-07-26,Canceled,2022-07-26,2022-07-26
PNPI93ON578,237,2021-10-03,Success,2021-10-03,2021-10-04
CAOI10IO062,733,2022-02-04,Success,2022-02-04,2022-02-05
AACC62OO154,776,2021-04-30,Canceled,2021-04-30,2021-04-30
NMAC56AM322,599,2022-06-19,Success,2022-06-19,2022-06-20
AAAM80AC798,531,2021-03-26,Success,2021-03-26,2021-03-27
IIAC92IP908,896,2022-04-27,Canceled,2022-04-27,2022-04-27
NAIO67AA436,237,2022-01-30,Success,2022-01-30,2022-01-31
IIAA87NP744,297,2022-12-08,Success,2022-12-08,2022-12-09
CCAM11NN233,308,2022-07-10,Success,2022-07-10,2022-07-11
MOII00MA710,733,2021-01-05,Success,2021-01-05,2021-01-06
OMOC45CN000,301,2021-03-29,Success,2021-03-29,2021-03-30
ICOP36PN998,148,2022-08-27,Canceled,2022-08-27,2022-08-27
NCMA24OO498,967,2021-12-09,Success,2021-12-09,2021-12-10
CPCA89AM728,375,2022-08-07,Success,2022-08-07,2022-08-08
IPMA98NM030,152,2021-12-09,Success,2021-12-09,2021-12-10
AMAI66CA484,206,2021-07-23,Success,2021-07-23,2021-07-24
MAPC99IM251,496,2021-04-15,Success,2021-04-15,2021-04-16
CIPC39NC705,413,2021-09-01,Success,2021-09-01,2021-09-02
ACAN21NO150,986,2021-05-26,Success,2021-05-26,2021-05-27
ACCA92CI733,994,2021-04-19,Success,2021-04-19,2021-04-20
CNIC83NC613,46,2022-08-02,Success,2022-08-02,2022-08-03
OPCM84PI865,922,2021-06-25,Success,2021-06-25,2021-06-26
OMMP59AP409,760,2021-06-05,Success,2021-06-05,2021-06-06
NAAP82MA536,230,2021-06-26,Success,2021-06-26,2021-06-27
POIN88CO021,223,2021-02-13,Canceled,2021-02-13,2021-02-13
IOAA28AO395,836,2022-11-26,Success,2022-11-26,2022-11-27
PNAP10MC737,301,2022-02-27,Success,2022-02-27,2022-02-28
AMAO59CA809,999,2022-03-21,Success,2022-03-21,2022-03-22
PNMP92MO379,875,2022-08-16,Success,2022-08-16,2022-08-17
ANMO98IP230,245,2022-12-16,Success,2022-12-16,2022-12-17
OPCC99IN290,630,2021-10-28,Success,2021-10-28,2021-10-29
CMAP03CN269,341,2022-09-22,Success,2022-09-22,2022-09-23
ACAA67OI570,291,2022-10-09,Success,2022-10-09,2022-10-10
PCNP02OA031,758,2022-04-08,Success,2022-04-08,2022-04-09
AIMA61PO536,390,2022-06-19,Success,2022-06-19,2022-06-20
PIAA27MA715,295,2022-11-05,Success,2022-11-05,2022-11-06
ANAP07CA494,17,2022-08-22,Success,2022-08-22,2022-08-23
CCNI95IA930,603,2021-07-30,Success,2021-07-30,2021-07-31
ACNM21OA616,54,2022-07-24,Canceled,2022-07-24,2022-07-24
MAPC87PC335,36,2021-04-30,Success,2021-04-30,2021-05-01
CNOM80OM280,602,2021-03-24,Success,2021-03-24,2021-03-25
IPPN50AA543,695,2021-04-27,Success,2021-04-27,2021-04-28
AAMN26CC873,521,2022-11-25,Success,2022-11-25,2022-11-26
PAOC73NP295,502,2021-06-12,Success,2021-06-12,2021-06-13
PAAO05IN851,929,2021-11-16,Canceled,2021-11-16,2021-11-16
APMC03OI768,755,2021-09-18,Success,2021-09-18,2021-09-19
MCCP53AI249,72,2021-12-23,Canceled,2021-12-23,2021-12-23
POPM06PI837,660,2021-08-29,Success,2021-08-29,2021-08-30
PANO46OP504,45,2021-01-18,Success,2021-01-18,2021-01-19
PMAO90NP658,681,2021-11-02,Success,2021-11-02,2021-11-03
AINN44PC602,316,2022-06-12,Success,2022-06-12,2022-06-13
MPCO78AO776,223,2021-11-22,Success,2021-11-22,2021-11-23
MAON31OC437,986,2022-09-09,Success,2022-09-09,2022-09-10
PNNA22OA856,266,2021-05-14,Success,2021-05-14,2021-05-15
CAPP84PC741,758,2021-02-28,Success,2021-02-28,2021-03-01
IIIN74MA072,405,2021-03-06,Success,2021-03-06,2021-03-07
MIIN89OA237,298,2021-04-07,Canceled,2021-04-07,2021-04-07
OAAN57NA741,566,2021-01-28,Success,2021-01-28,2021-01-29
OMPA92CM610,31,2021-06-05,Success,2021-06-05,2021-06-06
ANPC91PI104,386,2021-09-23,Success,2021-09-23,2021-09-24
CIAO12NP851,899,2021-02-27,Canceled,2021-02-27,2021-02-27
NAPC36OA312,607,2021-12-25,Canceled,2021-12-25,2021-12-25
OOCO86AA698,339,2021-05-21,Success,2021-05-21,2021-05-22
IOCN43OM583,670,2022-05-31,Success,2022-05-31,2022-06-01
NPPP66MO749,48,2022-12-23,Success,2022-12-23,2022-12-24
PAAA29AA944,977,2021-07-15,Canceled,2021-07-15,2021-07-15
NNMP64NI174,515,2022-12-26,Success,2022-12-26,2022-12-27
MOIC06PI413,292,2021-01-28,Success,2021-01-28,2021-01-29
AICM10PI160,760,2022-12-02,Success,2022-12-02,2022-12-03
IAMO55IP130,663,2021-08-22,Success,2021-08-22,2021-08-23
PPIC53AO625,92,2022-03-12,Success,2022-03-12,2022-03-13
INMA85AI537,927,2021-12-17,Success,2021-12-17,2021-12-18
CONN83PI934,972,2021-04-13,Success,2021-04-13,2021-04-14
ANMC28OA004,283,2022-05-28,Success,2022-05-28,2022-05-29
CMNN69IA436,342,2022-01-30,Success,2022-01-30,2022-01-31
ONNI82NA070,833,2021-11-05,Success,2021-11-05,2021-11-06
AACP34AA378,207,2021-09-19,Success,2021-09-19,2021-09-20
AMPN15PN006,479,2021-07-29,Success,2021-07-29,2021-07-30
COAN17IA806,459,2021-11-27,Success,2021-11-27,2021-11-28
AAAP73CA982,938,2021-10-20,Success,2021-10-20,2021-10-21
MCAI39AO208,208,2021-09-15,Success,2021-09-15,2021-09-16
AIIA72AC054,491,2021-02-11,Success,2021-02-11,2021-02-12
MONI02CN749,276,2021-01-17,Success,2021-01-17,2021-01-18
INAM58AC598,763,2021-01-24,Success,2021-01-24,2021-01-25
AAIA08MI133,806,2022-09-18,Success,2022-09-18,2022-09-19
ANAA44CC674,728,2022-05-26,Success,2022-05-26,2022-05-27
CNAA76ON346,258,2022-09-29,Canceled,2022-09-29,2022-09-29
CNAA87CA329,466,2022-10-26,Canceled,2022-10-26,2022-10-26
IAOC27NN988,438,2022-04-11,Canceled,2022-04-11,2022-04-11
NCCI50NC073,64,2021-02-19,Success,2021-02-19,2021-02-20
MAPA28IN803,586,2021-08-05,Success,2021-08-05,2021-08-06
OCPI95AC383,427,2021-11-15,Canceled,2021-11-15,2021-11-15
APAC91IO592,919,2022-01-12,Success,2022-01-12,2022-01-13
CAAC19IO329,977,2021-01-02,Success,2021-01-02,2021-01-03
IPIA01CC712,84,2021-08-04,Success,2021-08-04,2021-08-05
ACNA54MA642,619,2021-06-09,Success,2021-06-09,2021-06-10
CIOO49AA881,30,2021-09-05,Success,2021-09-05,2021-09-06
AINP62NN491,442,2022-07-24,Success,2022-07-24,2022-07-25
MMAC31IO429,714,2022-01-13,Success,2022-01-13,2022-01-14
MOPA57MO547,6,2021-02-15,Success,2021-02-15,2021-02-16
NANM67IP105,217,2022-06-19,Success,2022-06-19,2022-06-20
OCAP43CM319,927,2022-03-26,Success,2022-03-26,2022-03-27
AMPM78IN378,190,2022-12-16,Success,2022-12-16,2022-12-17
APNN12PP169,206,2022-11-11,Success,2022-11-11,2022-11-12
PIOO43OM138,85,2022-05-07,Success,2022-05-07,2022-05-08
OAPA60MA512,988,2021-09-21,Success,2021-09-21,2021-09-22
OAAP24AC841,827,2022-02-05,Success,2022-02-05,2022-02-06
AMOI58IA082,228,2022-03-05,Success,2022-03-05,2022-03-06
POPO53IA002,138,2021-05-08,Success,2021-05-08,2021-05-09
OPOA60OM525,686,2022-05-23,Success,2022-05-23,2022-05-24
CNIA51CI308,471,2022-08-27,Success,2022-08-27,2022-08-28
NCAA03OI363,318,2021-04-06,Success,2021-04-06,2021-04-07
PONC62MO929,11,2022-05-19,Success,2022-05-19,2022-05-20
AOMP24NP849,805,2022-11-05,Success,2022-11-05,2022-11-06
CICM47II812,240,2022-07-12,Success,2022-07-12,2022-07-13
CMMA41OA442,115,2022-12-11,Success,2022-12-11,2022-12-12
NPAC39OC587,718,2021-09-12,Success,2021-09-12,2021-09-13
AIOP06NC883,114,2022-02-09,Success,2022-02-09,2022-02-10
AICN84OA165,509,2021-10-25,Success,2021-10-25,2021-10-26
MIAM47NC525,213,2021-04-07,Success,2021-04-07,2021-04-08
MANA11OM393,724,2021-05-12,Success,2021-05-12,2021-05-13
NOIC38IA201,869,2022-01-04,Success,2022-01-04,2022-01-05
CCAO87MA465,528,2022-05-09,Success,2022-05-09,2022-05-10
MNAN89CN428,861,2021-09-13,Success,2021-09-13,2021-09-14
IPAN91PA255,420,2021-06-03,Success,2021-06-03,2021-06-04
ANCN14AC337,438,2021-04-29,Success,2021-04-29,2021-04-30
IANI61AI979,896,2022-02-21,Success,2022-02-21,2022-02-22
INNI63AO211,498,2021-11-07,Success,2021-11-07,2021-11-08
OAOA54IN281,148,2022-12-01,Success,2022-12-01,2022-12-02
IOAP27CA709,910,2021-04-26,Success,2021-04-26,2021-04-27
NCPO43NI626,784,2021-10-21,Success,2021-10-21,2021-10-22
IPAI50CO351,922,2021-01-11,Success,2021-01-11,2021-01-12
AMPA68NA593,524,2021-02-27,Success,2021-02-27,2021-02-28
AAAO32OA347,897,2022-12-08,Success,2022-12-08,2022-12-09
CIMC67AP664,538,2021-05-22,Success,2021-05-22,2021-05-23
AIAN56IA130,652,2022-06-26,Success,2022-06-26,2022-06-27
IIAC98PA691,136,2021-09-26,Success,2021-09-26,2021-09-27
COAI00AM667,706,2022-03-05,Success,2022-03-05,2022-03-06
MPMA37MP383,439,2022-09-02,Success,2022-09-02,2022-09-03
NAON41PA309,866,2022-04-21,Success,2022-04-21,2022-04-22
MIOI29AA444,900,2022-09-19,Success,2022-09-19,2022-09-20
CMCM81MC064,31,2022-01-01,Success,2022-01-01,2022-01-02
AMPO31AN853,908,2021-05-02,Success,2021-05-02,2021-05-03
AOPP04AP119,708,2022-02-25,Success,2022-02-25,2022-02-26
OOMM34NN204,74,2022-02-22,Success,2022-02-22,2022-02-23
AOPA80II895,831,2022-08-05,Success,2022-08-05,2022-08-06
NIAC19MM103,753,2021-07-23,Success,2021-07-23,2021-07-24
MPAN95AP710,911,2022-03-18,Success,2022-03-18,2022-03-19
OAII73NM675,247,2022-07-01,Success,2022-07-01,2022-07-02
INAI25MM183,811,2021-01-09,Canceled,2021-01-09,2021-01-09
COAA45NI130,98,2021-04-23,Success,2021-04-23,2021-04-24
OIAN78AC126,542,2022-04-07,Success,2022-04-07,2022-04-08
INON78AO782,416,2022-11-29,Success,2022-11-29,2022-11-30
NMOA33NC406,957,2021-01-06,Success,2021-01-06,2021-01-07
AONO33NA546,107,2022-02-21,Success,2022-02-21,2022-02-22
PAAA35AP850,785,2022-07-21,Success,2022-07-21,2022-07-22
NPCM54CP981,710,2021-03-19,Success,2021-03-19,2021-03-20
OANC36PO385,921,2022-08-21,Success,2022-08-21,2022-08-22
ANMC24CP072,326,2021-12-14,Success,2021-12-14,2021-12-15
IOON21IP819,139,2022-11-11,Success,2022-11-11,2022-11-12
CNOC03OM959,800,2021-08-14,Success,2021-08-14,2021-08-15
AMCO89ON854,360,2022-07-10,Success,2022-07-10,2022-07-11
AAPO00NC642,449,2022-05-27,Success,2022-05-27,2022-05-28
NONC70IC960,918,2021-07-31,Success,2021-07-31,2021-08-01
OACC72PN249,482,2022-05-23,Canceled,2022-05-23,2022-05-23
OCAC11IC388,474,2022-03-26,Success,2022-03-26,2022-03-27
OPOO45NP777,232,2022-06-01,Canceled,2022-06-01,2022-06-01
OACP32AO062,684,2021-10-02,Success,2021-10-02,2021-10-03
MNMP20MO754,965,2021-10-26,Success,2021-10-26,2021-10-27
CMOC86MM565,227,2021-08-01,Success,2021-08-01,2021-08-02
ACMA79IO253,586,2021-08-16,Success,2021-08-16,2021-08-17
OOCM35PC618,933,2021-09-12,Canceled,2021-09-12,2021-09-12
ICOO13CP077,68,2021-05-22,Success,2021-05-22,2021-05-23
ACNP16NP275,368,2022-09-29,Success,2022-09-29,2022-09-30
NMAN21NA645,16,2022-05-22,Success,2022-05-22,2022-05-23
PMMA83OA909,449,2021-02-12,Success,2021-02-12,2021-02-13
ACPM13NA982,596,2022-01-09,Success,2022-01-09,2022-01-10
NAOA29II043,819,2022-01-20,Success,2022-01-20,2022-01-21
AOMO30AP592,842,2022-11-14,Success,2022-11-14,2022-11-15
NAAP48IN274,858,2022-01-06,Success,2022-01-06,2022-01-07
ANCP28CM901,785,2021-09-16,Success,2021-09-16,2021-09-17
NCIA67MC264,747,2022-07-29,Success,2022-07-29,2022-07-30
PIAI51IO130,46,2022-08-25,Canceled,2022-08-25,2022-08-25
AAMA13AA292,764,2021-04-06,Canceled,2021-04-06,2021-04-06
MPPM54MA498,681,2021-08-12,Success,2021-08-12,2021-08-13
MAAO88CA611,225,2021-01-11,Success,2021-01-11,2021-01-12
AANP13MO848,76,2022-02-12,Success,2022-02-12,2022-02-13
CAMA67PP955,728,2022-09-02,Success,2022-09-02,2022-09-03
OAAA67AN267,858,2021-06-04,Success,2021-06-04,2021-06-05
OCCI59AA060,225,2021-10-23,Success,2021-10-23,2021-10-24
PICO10AA142,561,2021-06-01,Success,2021-06-01,2021-06-02
OPIM02PA754,775,2021-06-12,Canceled,2021-06-12,2021-06-12
OACN93CN178,756,2022-04-03,Success,2022-04-03,2022-04-04
IOOA74MN810,174,2022-08-24,Success,2022-08-24,2022-08-25
ACAC76IA504,80,2021-12-09,Success,2021-12-09,2021-12-10
CNCA98IN094,673,2021-09-17,Success,2021-09-17,2021-09-18
CPAC79OA808,685,2022-05-06,Success,2022-05-06,2022-05-07
PNAA20MA862,240,2021-02-22,Success,2021-02-22,2021-02-23
OAIP84CA671,950,2021-11-10,Success,2021-11-10,2021-11-11
MOAC18AI350,238,2022-08-31,Success,2022-08-31,2022-09-01
PMIA31IA399,647,2021-01-22,Success,2021-01-22,2021-01-23
MOIP28MM581,930,2022-02-24,Success,2022-02-24,2022-02-25
AINN58NM977,316,2021-05-05,Success,2021-05-05,2021-05-06
AOAO21CI322,509,2021-05-17,Success,2021-05-17,2021-05-18
AAMO00AP398,169,2021-05-28,Success,2021-05-28,2021-05-29
AIMA70AN124,94,2022-11-23,Success,2022-11-23,2022-11-24
ACIA91NA276,586,2021-01-31,Success,2021-01-31,2021-02-01
IAIA88OO360,343,2021-01-25,Success,2021-01-25,2021-01-26
ANOC75PC437,140,2021-12-29,Canceled,2021-12-29,2021-12-29
PPIM31AP541,866,2022-07-31,Success,2022-07-31,2022-08-01
OCCA84AI191,152,2022-03-24,Success,2022-03-24,2022-03-25
NCIN60OC864,442,2022-09-22,Canceled,2022-09-22,2022-09-22
CCNN65IP373,13,2022-09-07,Success,2022-09-07,2022-09-08
CMAA38AP552,272,2021-02-09,Success,2021-02-09,2021-02-10
IAAM03NO224,321,2021-06-21,Success,2021-06-21,2021-06-22
INPI61AO811,631,2021-02-21,Canceled,2021-02-21,2021-02-21
IAMI63CO748,824,2022-03-02,Success,2022-03-02,2022-03-03
MPAA57CN399,242,2022-11-16,Success,2022-11-16,2022-11-17
OPIA60MI193,860,2022-04-20,Success,2022-04-20,2022-04-21
AAMN16ON430,451,2021-09-14,Success,2021-09-14,2021-09-15
CCAA77IN011,279,2022-12-12,Success,2022-12-12,2022-12-13
INMN32AA268,290,2021-03-12,Success,2021-03-12,2021-03-13
INAA28AA991,185,2021-04-25,Success,2021-04-25,2021-04-26
OOMP67NN045,316,2021-03-20,Success,2021-03-20,2021-03-21
IONA09NI934,400,2022-04-05,Success,2022-04-05,2022-04-06
ANCN19PC462,552,2021-09-27,Success,2021-09-27,2021-09-28
AOAN70NI861,456,2021-06-24,Success,2021-06-24,2021-06-25
COON02OM272,580,2022-01-19,Success,2022-01-19,2022-01-20
CAIA74MA106,27,2021-05-16,Success,2021-05-16,2021-05-17
IMOI33OM683,869,2021-07-21,Success,2021-07-21,2021-07-22
CPAC14IA979,38,2021-08-25,Success,2021-08-25,2021-08-26
CAPC34AC786,762,2021-09-07,Success,2021-09-07,2021-09-08
IMAN86MA661,641,2021-01-24,Success,2021-01-24,2021-01-25
NNAA79PN596,677,2021-01-01,Success,2021-01-01,2021-01-02
PCPA51NA649,626,2021-02-14,Success,2021-02-14,2021-02-15
OCNN93PC521,495,2021-04-25,Success,2021-04-25,2021-04-26
PAAO51NP808,896,2022-12-15,Success,2022-12-15,2022-12-16
IAMI55NM007,32,2021-12-13,Success,2021-12-13,2021-12-14
IPAO78OI378,462,2021-06-14,Success,2021-06-14,2021-06-15
IIMN44CP969,570,2022-07-01,Success,2022-07-01,2022-07-02
PMAA23NP735,133,2022-11-30,Canceled,2022-11-30,2022-11-30
NIMA80II116,507,2021-04-10,Success,2021-04-10,2021-04-11
AMNA40NM292,272,2021-12-06,Success,2021-12-06,2021-12-07
MPMM09II242,205,2021-05-29,Success,2021-05-29,2021-05-30
IICN53AO356,992,2021-08-13,Success,2021-08-13,2021-08-14
CCCP43PA930,745,2021-04-25,Success,2021-04-25,2021-04-26
ANAM66PI616,206,2022-09-11,Success,2022-09-11,2022-09-12
ICIP43CO476,276,2021-11-07,Success,2021-11-07,2021-11-08
PONN42CN970,980,2022-09-17,Success,2022-09-17,2022-09-18
NIMA13PP812,996,2021-10-24,Success,2021-10-24,2021-10-25
AACI33NN688,36,2021-04-28,Success,2021-04-28,2021-04-29
POAC58IA127,522,2022-05-05,Success,2022-05-05,2022-05-06
AOAI51OA563,871,2021-09-04,Success,2021-09-04,2021-09-05
AAII26CI171,371,2021-04-16,Success,2021-04-16,2021-04-17
AAAP39MA989,107,2022-09-02,Success,2022-09-02,2022-09-03
PNIC90AC495,115,2021-04-16,Success,2021-04-16,2021-04-17
PCIM04IA608,573,2022-07-24,Success,2022-07-24,2022-07-25
AIAA40PM979,568,2022-01-20,Success,2022-01-20,2022-01-21
ACPA73NO535,816,2022-12-07,Success,2022-12-07,2022-12-08
POOP48AA571,490,2021-11-21,Success,2021-11-21,2021-11-22
AAAN21AP374,599,2022-05-19,Success,2022-05-19,2022-05-20
NOAP32MM923,336,2022-06-18,Canceled,2022-06-18,2022-06-18
CMAC97PA028,226,2021-07-15,Success,2021-07-15,2021-07-16
OPMI98MO606,535,2021-07-24,Success,2021-07-24,2021-07-25
AOOA57AM790,694,2021-03-02,Canceled,2021-03-02,2021-03-02
OMAN02CI741,370,2022-10-04,Success,2022-10-04,2022-10-05
IAAN47MO552,892,2021-05-12,Success,2021-05-12,2021-05-13
OAOA40IA027,210,2022-01-16,Success,2022-01-16,2022-01-17
AAAO55CN827,958,2022-02-23,Success,2022-02-23,2022-02-24
AMIA41IO812,395,2022-04-22,Success,2022-04-22,2022-04-23
PMAI83NC355,238,2022-09-29,Success,2022-09-29,2022-09-30
OAAM68II751,216,2021-08-24,Success,2021-08-24,2021-08-25
MIAI78ON016,492,2021-09-09,Success,2021-09-09,2021-09-10
PPOM76NO629,452,2021-08-07,Success,2021-08-07,2021-08-08
PCPA49NM495,193,2022-08-17,Success,2022-08-17,2022-08-18
MPMA54AA620,616,2021-07-08,Success,2021-07-08,2021-07-09
ICAC08NA726,3,2022-11-30,Success,2022-11-30,2022-12-01
NMAO06PN604,423,2022-03-12,Success,2022-03-12,2022-03-13
AIAP16AA098,416,2021-05-09,Success,2021-05-09,2021-05-10
IMAA61AA925,354,2022-01-21,Success,2022-01-21,2022-01-22
NAIP34PN051,82,2022-06-18,Success,2022-06-18,2022-06-19
PANA91CP158,949,2022-09-04,Success,2022-09-04,2022-09-05
NMAN87PI235,927,2022-02-16,Success,2022-02-16,2022-02-17
MNMA91NA929,747,2021-10-26,Success,2021-10-26,2021-10-27
AONN45NI425,254,2021-12-29,Success,2021-12-29,2021-12-30
NNAO69CM629,808,2022-05-02,Success,2022-05-02,2022-05-03
NOAI95NM024,906,2022-06-06,Success,2022-06-06,2022-06-07
IPCA54IN003,747,2021-09-18,Success,2021-09-18,2021-09-19
OOMI16CN325,750,2022-10-30,Success,2022-10-30,2022-10-31
AOMN42AI111,29,2021-01-31,Success,2021-01-31,2021-02-01
OAAA26AA377,603,2022-10-09,Success,2022-10-09,2022-10-10
CCAI16AM280,362,2022-03-08,Success,2022-03-08,2022-03-09
AAPC62AO332,56,2022-02-15,Canceled,2022-02-15,2022-02-15
NMAO92AN877,719,2022-02-24,Success,2022-02-24,2022-02-25
OPIM85PP728,523,2022-07-12,Success,2022-07-12,2022-07-13
PANO03MC709,562,2021-01-06,Success,2021-01-06,2021-01-07
ONNI68OA339,844,2021-02-19,Success,2021-02-19,2021-02-20
AAIN56MI630,405,2021-11-01,Success,2021-11-01,2021-11-02
CPPC74AN566,805,2022-10-02,Success,2022-10-02,2022-10-03
CCCA80CO209,888,2021-05-21,Success,2021-05-21,2021-05-22
NAON81MN204,756,2022-05-12,Canceled,2022-05-12,2022-05-12
PNPC54AM226,414,2021-10-23,Success,2021-10-23,2021-10-24
NOCA46NO783,644,2022-06-21,Canceled,2022-06-21,2022-06-21
NCMP81AO908,293,2022-09-26,Canceled,2022-09-26,2022-09-26
OAPA59PP421,551,2022-10-03,Success,2022-10-03,2022-10-04
NCNM12NC707,37,2021-12-20,Success,2021-12-20,2021-12-21
ACIM62MN409,650,2021-06-12,Success,2021-06-12,2021-06-13
PACN90NM183,894,2022-07-18,Success,2022-07-18,2022-07-19
PMCO78CO417,24,2021-03-24,Success,2021-03-24,2021-03-25
OANP54CA404,138,2021-05-27,Success,2021-05-27,2021-05-28
MACA18AM861,253,2021-12-21,Success,2021-12-21,2021-12-22
PPIO54AN625,438,2022-03-09,Success,2022-03-09,2022-03-10
INPN16CN863,79,2022-02-13,Success,2022-02-13,2022-02-14
OANC29AA171,551,2021-02-09,Success,2021-02-09,2021-02-10
AINM06IC708,627,2021-02-09,Success,2021-02-09,2021-02-10
NAAM59PC929,316,2021-07-14,Success,2021-07-14,2021-07-15
OAAA33NI055,300,2021-09-15,Success,2021-09-15,2021-09-16
MAAA10MO667,52,2022-03-07,Success,2022-03-07,2022-03-08
PAOP81CN931,110,2021-04-07,Success,2021-04-07,2021-04-08
AACM23IP231,995,2021-07-14,Success,2021-07-14,2021-07-15
ANMN30CM892,506,2021-10-02,Success,2021-10-02,2021-10-03
CPPI70IP320,316,2021-05-03,Success,2021-05-03,2021-05-04
MAIM96IN362,341,2022-02-10,Success,2022-02-10,2022-02-11
AINA21PA645,119,2021-02-27,Success,2021-02-27,2021-02-28
ANCI23NN770,578,2021-01-25,Success,2021-01-25,2021-01-26
APAP96IA266,787,2021-04-09,Canceled,2021-04-09,2021-04-09
MAPI88NO125,334,2021-04-30,Success,2021-04-30,2021-05-01
APNN19AP635,622,2022-08-12,Success,2022-08-12,2022-08-13
PONP08MO139,374,2022-02-18,Success,2022-02-18,2022-02-19
NAMC08AI414,608,2022-04-07,Success,2022-04-07,2022-04-08
ACIA12NO692,609,2021-10-18,Success,2021-10-18,2021-10-19
CMPO23IP608,520,2022-07-11,Success,2022-07-11,2022-07-12
PNMN03NN968,607,2021-01-13,Success,2021-01-13,2021-01-14
APNA16CO080,672,2021-08-07,Success,2021-08-07,2021-08-08
CONC56AO163,806,2021-06-18,Success,2021-06-18,2021-06-19
APAN19CP347,553,2021-02-25,Success,2021-02-25,2021-02-26
AANA27AC090,542,2022-12-27,Success,2022-12-27,2022-12-28
CCPN20MO608,407,2022-04-12,Success,2022-04-12,2022-04-13
MIIA15MM596,11,2022-06-14,Success,2022-06-14,2022-06-15
CONP85IC278,231,2022-10-13,Success,2022-10-13,2022-10-14
MNOM52MO225,518,2022-07-20,Success,2022-07-20,2022-07-21
CAMC16AA801,567,2022-12-20,Canceled,2022-12-20,2022-12-20
CCIA97PN012,761,2021-06-15,Success,2021-06-15,2021-06-16
ACAN97AC770,390,2021-05-29,Success,2021-05-29,2021-05-30
CAAI01AP797,375,2022-03-30,Success,2022-03-30,2022-03-31
CAIA61PI288,734,2021-10-24,Success,2021-10-24,2021-10-25
IMAA55OP822,150,2021-12-05,Success,2021-12-05,2021-12-06
AACN38OO198,997,2022-12-02,Success,2022-12-02,2022-12-03
PAMO04CM511,241,2021-02-13,Success,2021-02-13,2021-02-14
AOAN65IA348,436,2021-07-07,Success,2021-07-07,2021-07-08
NIAP55AA813,496,2022-04-26,Success,2022-04-26,2022-04-27
NAAN82NA553,104,2021-04-11,Success,2021-04-11,2021-04-12
ACAP28II916,690,2022-11-21,Success,2022-11-21,2022-11-22
IMCA38CM036,38,2021-11-17,Canceled,2021-11-17,2021-11-17
CNAI63AN627,262,2021-07-30,Success,2021-07-30,2021-07-31
AACN29AA636,130,2021-11-06,Success,2021-11-06,2021-11-07
PMCC78CO611,556,2022-02-04,Success,2022-02-04,2022-02-05
NICM57AA041,62,2022-08-11,Success,2022-08-11,2022-08-12
MCPA60PP002,180,2021-03-11,Success,2021-03-11,2021-03-12
IANO19IO719,502,2022-08-05,Canceled,2022-08-05,2022-08-05
MNNN59AA631,508,2022-11-13,Success,2022-11-13,2022-11-14
IINP01MI766,136,2022-10-13,Canceled,2022-10-13,2022-10-13
PAOM85MA933,49,2022-11-28,Success,2022-11-28,2022-11-29
CONA86OM901,336,2021-10-23,Success,2021-10-23,2021-10-24
COIN66IN322,406,2022-08-24,Success,2022-08-24,2022-08-25
MAOI99IA780,931,2022-07-28,Success,2022-07-28,2022-07-29
INAP57MP433,686,2021-05-17,Success,2021-05-17,2021-05-18
ACPM37CC948,965,2022-01-30,Success,2022-01-30,2022-01-31
AAAA62PA275,577,2021-02-24,Success,2021-02-24,2021-02-25
ANAA24IM900,914,2021-04-08,Success,2021-04-08,2021-04-09
AIAP80CI159,742,2022-10-13,Success,2022-10-13,2022-10-14
PMAP21AA426,555,2022-08-10,Success,2022-08-10,2022-08-11
OACN87CC958,5,2021-01-21,Success,2021-01-21,2021-01-22
IAAA10CM953,749,2022-04-11,Success,2022-04-11,2022-04-12
NIAM41PO183,351,2021-01-09,Success,2021-01-09,2021-01-10
PAIC75IC232,283,2021-07-22,Success,2021-07-22,2021-07-23
IPAI82NA725,83,2022-02-08,Success,2022-02-08,2022-02-09
AIOA37PA954,271,2021-12-04,Success,2021-12-04,2021-12-05
MANC63CA752,967,2022-06-01,Success,2022-06-01,2022-06-02
IACO67CO294,960,2022-08-19,Success,2022-08-19,2022-08-20
MCNP77PP404,436,2021-03-05,Success,2021-03-05,2021-03-06
AIOC29AM238,147,2022-04-21,Success,2022-04-21,2022-04-22
MAAP70ON980,680,2022-07-08,Success,2022-07-08,2022-07-09
AAMO19OA842,242,2022-01-01,Success,2022-01-01,2022-01-02
CIAO11AN662,598,2022-11-29,Canceled,2022-11-29,2022-11-29
AAMM18PP999,260,2022-06-12,Success,2022-06-12,2022-06-13
AOAC96MM111,785,2022-10-11,Success,2022-10-11,2022-10-12
AMOO74NC332,940,2021-09-20,Success,2021-09-20,2021-09-21
AIAA65MM219,401,2021-09-12,Success,2021-09-12,2021-09-13
MMPN27CP146,487,2021-05-18,Success,2021-05-18,2021-05-19
AIPA83IP522,945,2021-09-12,Success,2021-09-12,2021-09-13
NNCN17OP693,612,2021-03-29,Success,2021-03-29,2021-03-30
CAMA71CM967,196,2022-03-31,Success,2022-03-31,2022-04-01
ANAO63AM580,970,2021-03-22,Success,2021-03-22,2021-03-23
IMAM34AC899,885,2022-01-29,Success,2022-01-29,2022-01-30
APOC24PP586,686,2021-10-08,Success,2021-10-08,2021-10-09
PAIA49MA715,481,2022-09-01,Success,2022-09-01,2022-09-02
OONI68OI748,525,2021-08-10,Canceled,2021-08-10,2021-08-10
MPOI84AA348,542,2021-06-17,Success,2021-06-17,2021-06-18
OPOA60MA880,766,2022-03-02,Success,2022-03-02,2022-03-03
IANO84PP952,289,2022-08-14,Success,2022-08-14,2022-08-15
MAIP03NA343,654,2021-03-08,Canceled,2021-03-08,2021-03-08
IACA14AP471,676,2022-07-05,Success,2022-07-05,2022-07-06
IACO32CP736,807,2021-08-04,Success,2021-08-04,2021-08-05
MNNO31AA318,697,2022-05-07,Success,2022-05-07,2022-05-08
MCNI95CC254,625,2021-04-17,Success,2021-04-17,2021-04-18
MNCP57AA123,668,2022-02-23,Success,2022-02-23,2022-02-24
AOII93OP571,345,2021-11-19,Success,2021-11-19,2021-11-20
IIAO23AA096,806,2022-04-19,Success,2022-04-19,2022-04-20
PNIM28NA777,568,2022-09-16,Success,2022-09-16,2022-09-17
IOCN45AA539,857,2021-05-07,Success,2021-05-07,2021-05-08
CNMP93AM907,739,2021-01-24,Success,2021-01-24,2021-01-25
AOOA45NI543,927,2021-10-15,Canceled,2021-10-15,2021-10-15
AOCP16PO076,745,2021-06-04,Canceled,2021-06-04,2021-06-04
IAIC14OO035,566,2022-01-27,Success,2022-01-27,2022-01-28
AOPO78CM500,920,2022-09-21,Success,2022-09-21,2022-09-22
IPPA86NM395,766,2022-05-16,Success,2022-05-16,2022-05-17
NCCA16CA898,618,2021-01-27,Success,2021-01-27,2021-01-28
AMAA69PA835,98,2021-07-05,Success,2021-07-05,2021-07-06
ACNP61OM167,589,2022-07-02,Success,2022-07-02,2022-07-03
MPOM79ON493,372,2021-09-11,Success,2021-09-11,2021-09-12
OOAI87MP503,231,2021-07-21,Success,2021-07-21,2021-07-22
ICCI20AO677,537,2021-01-22,Success,2021-01-22,2021-01-23
ACII85OO612,379,2021-02-06,Canceled,2021-02-06,2021-02-06
AAAN57AM079,719,2022-07-28,Success,2022-07-28,2022-07-29
OPCA75NI101,930,2021-02-15,Success,2021-02-15,2021-02-16
NAIP94NN411,955,2022-10-19,Canceled,2022-10-19,2022-10-19
IAAC50IP095,241,2021-04-27,Success,2021-04-27,2021-04-28
CNMA53CP990,243,2022-04-04,Success,2022-04-04,2022-04-05
OPPM95PN917,872,2022-02-24,Success,2022-02-24,2022-02-25
ACAM27MC988,718,2022-07-25,Success,2022-07-25,2022-07-26
OCIA52AN377,79,2021-08-27,Success,2021-08-27,2021-08-28
AAAC33AC550,54,2022-05-07,Success,2022-05-07,2022-05-08
NAPA02CA761,319,2022-01-18,Success,2022-01-18,2022-01-19
MINC80MP538,182,2022-12-01,Success,2022-12-01,2022-12-02
IANA51MO842,965,2022-01-08,Success,2022-01-08,2022-01-09
MAIA46CA344,925,2021-01-19,Success,2021-01-19,2021-01-20
AOMP38AN575,72,2022-05-23,Success,2022-05-23,2022-05-24
AIPC08OP605,843,2021-04-07,Success,2021-04-07,2021-04-08
AONM70AP350,336,2022-05-02,Success,2022-05-02,2022-05-03
IAAC74AP049,893,2021-08-21,Success,2021-08-21,2021-08-22
MPOA89OA259,190,2021-06-29,Success,2021-06-29,2021-06-30
AOAA67PC576,25,2022-02-18,Success,2022-02-18,2022-02-19
NCIM55CN918,971,2022-11-04,Success,2022-11-04,2022-11-05
CNPA64NN698,75,2022-07-01,Success,2022-07-01,2022-07-02
NIOM05CI520,420,2022-08-25,Success,2022-08-25,2022-08-26
MNAM83MP057,336,2022-11-15,Success,2022-11-15,2022-11-16
NACA00AM695,998,2022-06-27,Success,2022-06-27,2022-06-28
OACC69MP219,161,2021-06-30,Success,2021-06-30,2021-07-01
NIOC15OI480,261,2022-05-10,Success,2022-05-10,2022-05-11
CNPI61II530,291,2021-03-06,Success,2021-03-06,2021-03-07
NMON44AI133,969,2021-08-08,Success,2021-08-08,2021-08-09
PAAN65NP052,562,2021-05-04,Success,2021-05-04,2021-05-05
IOPC07MI962,664,2022-07-08,Success,2022-07-08,2022-07-09
CCPM72IO435,971,2022-01-31,Success,2022-01-31,2022-02-01
APMA15IA664,548,2022-04-06,Success,2022-04-06,2022-04-07
CMAC30AI709,958,2022-08-24,Success,2022-08-24,2022-08-25
MIIM02AO014,455,2021-11-30,Success,2021-11-30,2021-12-01
NCPC73OI003,1000,2022-06-18,Success,2022-06-18,2022-06-19
MCPC47MN462,88,2021-07-09,Success,2021-07-09,2021-07-10
CNOA52IM277,525,2021-02-04,Success,2021-02-04,2021-02-05
IPAM12OM601,386,2021-12-15,Success,2021-12-15,2021-12-16
ONII51AA650,837,2022-07-10,Success,2022-07-10,2022-07-11
ONOC29MN847,425,2022-12-12,Success,2022-12-12,2022-12-13
PONN53OA629,694,2022-12-10,Success,2022-12-10,2022-12-11
MAAN19ON504,808,2021-07-06,Success,2021-07-06,2021-07-07
CPMP65NO170,201,2022-06-09,Success,2022-06-09,2022-06-10
PIPA10PN160,903,2022-08-23,Success,2022-08-23,2022-08-24
ICMM98IA803,349,2022-02-22,Success,2022-02-22,2022-02-23
AINP60IN980,83,2022-02-16,Success,2022-02-16,2022-02-17
MCIO35CA385,154,2021-03-11,Success,2021-03-11,2021-03-12
NPIC10NO480,230,2021-04-17,Canceled,2021-04-17,2021-04-17
CANP44ON966,448,2022-07-03,Success,2022-07-03,2022-07-04
MCOC13CN851,789,2022-03-10,Success,2022-03-10,2022-03-11
MIIO36PP245,995,2022-06-14,Success,2022-06-14,2022-06-15
IACN75IM616,403,2022-04-23,Success,2022-04-23,2022-04-24
NNCI09CA913,722,2021-04-30,Success,2021-04-30,2021-05-01
ACOC47OC916,504,2021-12-13,Success,2021-12-13,2021-12-14
OAII42OM996,253,2021-06-14,Success,2021-06-14,2021-06-15
IMPP39OP007,484,2022-06-09,Canceled,2022-06-09,2022-06-09
CACA78CC067,446,2022-03-20,Success,2022-03-20,2022-03-21
AAAA62MA342,987,2021-07-27,Success,2021-07-27,2021-07-28
INIA75OA672,342,2021-06-03,Success,2021-06-03,2021-06-04
PIAN74MN243,767,2022-05-22,Canceled,2022-05-22,2022-05-22
ICPP93NN107,273,2022-07-03,Success,2022-07-03,2022-07-04
AMPI26AI676,708,2022-06-18,Success,2022-06-18,2022-06-19
APNI56AO035,688,2022-09-10,Success,2022-09-10,2022-09-11
CPPA18NP849,506,2021-10-12,Success,2021-10-12,2021-10-13
AAAA60AA825,828,2021-04-02,Success,2021-04-02,2021-04-03
CONM21PC177,440,2022-09-26,Success,2022-09-26,2022-09-27
NAMO18NA976,878,2022-02-03,Success,2022-02-03,2022-02-04
POOA73PI815,79,2022-05-29,Success,2022-05-29,2022-05-30
IAAP63MC340,1,2021-01-14,Success,2021-01-14,2021-01-15
PAII72NA767,899,2021-08-12,Success,2021-08-12,2021-08-13
NCAN95IA600,632,2021-02-05,Success,2021-02-05,2021-02-06
AACM54PA214,615,2021-09-02,Success,2021-09-02,2021-09-03
AAIO45MI964,716,2021-10-13,Success,2021-10-13,2021-10-14
ACOA49CA128,924,2021-09-22,Success,2021-09-22,2021-09-23
AMMA02MO582,600,2022-12-07,Success,2022-12-07,2022-12-08
ANAN90IO042,637,2021-01-23,Success,2021-01-23,2021-01-24
APIP68MN291,296,2022-03-07,Success,2022-03-07,2022-03-08
PNNC37IN892,130,2021-02-25,Success,2021-02-25,2021-02-26
NIIN45IO289,414,2022-05-23,Success,2022-05-23,2022-05-24
ICPI99IC837,813,2021-11-04,Success,2021-11-04,2021-11-05
OCPI73IP320,738,2021-09-12,Success,2021-09-12,2021-09-13
MOIO79IO183,885,2021-04-08,Success,2021-04-08,2021-04-09
IAOP49OO190,892,2021-04-17,Success,2021-04-17,2021-04-18
PAIC42OC351,32,2022-09-12,Canceled,2022-09-12,2022-09-12
OCCC60PA845,171,2022-05-01,Success,2022-05-01,2022-05-02
ANAC12CN309,201,2022-04-08,Success,2022-04-08,2022-04-09
PCPP02MA307,669,2021-03-01,Success,2021-03-01,2021-03-02
AOPM57OO937,183,2022-09-13,Success,2022-09-13,2022-09-14
CAPO39CO848,654,2021-07-22,Canceled,2021-07-22,2021-07-22
NPAN77IC461,492,2022-09-11,Success,2022-09-11,2022-09-12
PAAA97IN357,530,2021-11-13,Success,2021-11-13,2021-11-14
CMAO11NA836,995,2022-12-03,Success,2022-12-03,2022-12-04
OOAO15MA764,923,2022-02-24,Success,2022-02-24,2022-02-25
MPNO53MA018,264,2022-10-27,Success,2022-10-27,2022-10-28
ICCA26PA446,565,2022-11-21,Success,2022-11-21,2022-11-22
OOCO99CN016,41,2021-04-06,Success,2021-04-06,2021-04-07
MMAA59MN171,324,2021-02-05,Success,2021-02-05,2021-02-06
AMCA83IP860,368,2022-02-08,Success,2022-02-08,2022-02-09
PNCC22NC876,126,2021-12-10,Success,2021-12-10,2021-12-11
CIPN86AN200,903,2022-09-21,Canceled,2022-09-21,2022-09-21
ACAO60MO080,428,2021-11-24,Success,2021-11-24,2021-11-25
POCP92CA950,376,2022-05-15,Success,2022-05-15,2022-05-16
CPMO90NP025,314,2022-10-26,Success,2022-10-26,2022-10-27
POAP27IN761,942,2021-07-29,Success,2021-07-29,2021-07-30
NAIO11IN274,111,2021-03-19,Success,2021-03-19,2021-03-20
MIPP86AN952,416,2022-12-17,Success,2022-12-17,2022-12-18
NOPM05OO598,683,2022-11-27,Success,2022-11-27,2022-11-28
MNIA76OM154,925,2022-09-28,Success,2022-09-28,2022-09-29
ANOA72AO379,281,2022-03-21,Success,2022-03-21,2022-03-22
IMCA46AA762,69,2021-08-12,Success,2021-08-12,2021-08-13
CAIN67CO563,591,2022-03-31,Success,2022-03-31,2022-04-01
NAAN91IA048,10,2022-01-08,Success,2022-01-08,2022-01-09
OAMP33AA556,400,2021-03-16,Success,2021-03-16,2021-03-17
AACC23PM727,53,2021-08-17,Success,2021-08-17,2021-08-18
PAAC79AA513,649,2022-07-15,Success,2022-07-15,2022-07-16
NANI75AO647,53,2022-12-16,Success,2022-12-16,2022-12-17
OAOM52AO054,413,2021-11-30,Success,2021-11-30,2021-12-01
OIAA31MC224,388,2021-07-18,Success,2021-07-18,2021-07-19
MMIA00IO947,870,2022-04-09,Success,2022-04-09,2022-04-10
PNCP64OO071,665,2022-04-21,Canceled,2022-04-21,2022-04-21
PNIN60AI917,603,2022-12-10,Success,2022-12-10,2022-12-11
CMMI73CM809,792,2021-07-24,Success,2021-07-24,2021-07-25
MPII65CO707,761,2022-05-24,Success,2022-05-24,2022-05-25
OCAI48AI857,540,2021-08-27,Success,2021-08-27,2021-08-28
CAIO70AN784,518,2022-07-26,Success,2022-07-26,2022-07-27
COAN18PN127,337,2021-11-29,Success,2021-11-29,2021-11-30
AIIA82AM795,481,2022-10-27,Success,2022-10-27,2022-10-28
CCCP76IO123,678,2022-02-08,Success,2022-02-08,2022-02-09
MACI36CP463,455,2022-04-15,Canceled,2022-04-15,2022-04-15
PNAN02MP197,923,2021-07-07,Canceled,2021-07-07,2021-07-07
AIAN62IA923,926,2021-06-22,Success,2021-06-22,2021-06-23
MACP51IN778,253,2022-02-24,Success,2022-02-24,2022-02-25
APMM54OP955,181,2022-09-23,Success,2022-09-23,2022-09-24
NMII48NI651,722,2021-06-24,Success,2021-06-24,2021-06-25
COOC58NA784,151,2022-09-27,Success,2022-09-27,2022-09-28
NMNA61OM567,1,2021-02-06,Success,2021-02-06,2021-02-07
AANA44AN436,639,2021-04-24,Success,2021-04-24,2021-04-25
IAAC58MO380,529,2022-10-10,Success,2022-10-10,2022-10-11
